{
    "rosetta_fa_rep_independent": {
        "mu": 15.115871381147702,
        "sigma": 204.3382443029115,
        "max": 16207.83203125,
        "min": 0.0
    },
    "rosetta_yhh_planarity": {
        "mu": 0.0018818333525783,
        "sigma": 0.0259286375586048,
        "max": 1.0,
        "min": 0.0
    },
    "rosetta_hbond_sc": {
        "mu": -0.1258719141629256,
        "sigma": 0.31007927922780587,
        "max": 0.0,
        "min": -4.116727828979492
    },
    "rosetta_ref": {
        "mu": 0.3314027231942633,
        "sigma": 1.6202802909154888,
        "max": 3.2547900676727295,
        "min": -2.724529981613159
    },
    "ref_inter_ShortestPath_1": {
        "mu": 0.0059306529286959645,
        "sigma": 0.01922624259285373,
        "max": 1.0,
        "min": 0.0
    },
    "rosetta_fa_dun": {
        "mu": 4.121727040582952,
        "sigma": 7.357170323741981,
        "max": 1428.6881103515625,
        "min": -0.10964136570692062
    },
    "rosetta_fa_rep": {
        "mu": 342.54112732221864,
        "sigma": 9461.936727671378,
        "max": 965495.3125,
        "min": 0.0
    },
    "unscaled_dist_chain_com": {
        "mu": 19.65847448963101,
        "sigma": 12.105623047874468,
        "max": 598.7864685747552,
        "min": 0.08769744629149179
    },
    "rosetta_fa_atr_independent": {
        "mu": -0.32856455459685896,
        "sigma": 0.8309707100611978,
        "max": 0.0,
        "min": -18.716510772705078
    },
    "rosetta_lk_ball_wtd": {
        "mu": -0.100003657398129,
        "sigma": 1.0275493688926054,
        "max": 46.15152359008789,
        "min": -222.21875
    },
    "scaled_dist_prot_com": {
        "mu": 0.5187469747370703,
        "sigma": 0.2021650388182936,
        "max": 1.0,
        "min": 0.0009839825219256123
    },
    "rosetta_fa_sol_independent": {
        "mu": 0.20448071777304674,
        "sigma": 0.6421527699055788,
        "max": 20.706058502197266,
        "min": -2.9764745235443115
    },
    "surfaces_interaction_ddG": {
        "mu": -0.05263858896192214,
        "sigma": 0.1587279048770206,
        "max": 1.837532877922058,
        "min": -6.138072967529297
    },
    "surfaces_self_ddG": {
        "mu": -0.7390889392818433,
        "sigma": 0.47129135010174594,
        "max": 4.660687446594238,
        "min": -6.293015480041504
    },
    "discounted_dist_chain_com": {
        "mu": 4.297319843575846,
        "sigma": 2.610230649771472,
        "max": 136.62097113093017,
        "min": 0.019312537293005524
    },
    "rosetta_pro_close": {
        "mu": 0.4087086919084681,
        "sigma": 9.504141443331248,
        "max": 6906.5908203125,
        "min": 0.0
    },
    "rosetta_total_score": {
        "mu": 188.92146678034638,
        "sigma": 5186.644502655755,
        "max": 528977.25,
        "min": -12.435652732849121
    },
    "unscaled_dist_prot_com": {
        "mu": 31.770135733635577,
        "sigma": 22.578640448688205,
        "max": 1012.4779725632027,
        "min": 0.06443913560940787
    },
    "ref_inter_ShortestPath_0": {
        "mu": 0.017811283320846815,
        "sigma": 0.07928300880070659,
        "max": 1.0,
        "min": 0.0
    },
    "ref_intra_ShortestPath_1": {
        "mu": 0.1390358171013389,
        "sigma": 0.19105897786529205,
        "max": 1.0,
        "min": 0.0
    },
    "model_distance": {
        "mu": 10.092655755739855,
        "sigma": 2.7372485712667953,
        "max": 13.999999996057275,
        "min": 0.019519321163071517
    },
    "rosetta_fa_intra_sol_xover4": {
        "mu": 0.1843742252000276,
        "sigma": 0.23410689182269576,
        "max": 6.1484198570251465,
        "min": -0.29529744386672974
    },
    "ref_inter_ShortestPath_2": {
        "mu": 0.003719232290729737,
        "sigma": 0.014297848115131122,
        "max": 1.0,
        "min": 0.0
    },
    "rosetta_p_aa_pp": {
        "mu": -0.10667615061790989,
        "sigma": 0.9272733788121508,
        "max": 11.956621170043945,
        "min": -2.531168222427368
    },
    "scaled_dist_chain_com": {
        "mu": 0.482672971093878,
        "sigma": 0.20532327952468246,
        "max": 1.0,
        "min": 0.0016989819232238888
    },
    "rosetta_rama_prepro": {
        "mu": 1.137544389697685,
        "sigma": 3.333720312935149,
        "max": 24.11638641357422,
        "min": -2.2329723834991455
    },
    "rosetta_fa_atr": {
        "mu": -7.445082418425767,
        "sigma": 38.33916343670421,
        "max": -1.278253165537535e-07,
        "min": -3496.754638671875
    },
    "rosetta_fa_intra_rep": {
        "mu": 1.8667759742932408,
        "sigma": 3.7665068670864295,
        "max": 1108.236572265625,
        "min": 0.0
    },
    "ref_intra_ShortestPath_2": {
        "mu": 0.10853962137519221,
        "sigma": 0.14221935720197493,
        "max": 1.0,
        "min": 0.0
    },
    "rosetta_hbond_bb_sc": {
        "mu": -0.14520126149474913,
        "sigma": 0.33183370645589977,
        "max": 0.0,
        "min": -5.030948162078857
    },
    "ref_distance_monomeric": {
        "mu": 11.069927733907477,
        "sigma": 5.656323977835314,
        "max": 156.59853326694707,
        "min": 2.986059805496002
    },
    "ref_intra_ShortestPath_0": {
        "mu": 0.22964511194103027,
        "sigma": 0.3064879106763825,
        "max": 1.0,
        "min": 0.0
    },
    "rosetta_fa_elec": {
        "mu": -1.69481132682829,
        "sigma": 1.758884707505839,
        "max": 209.8804931640625,
        "min": -165.3665313720703
    },
    "rosetta_fa_sol": {
        "mu": 4.63496034345438,
        "sigma": 22.156123769375125,
        "max": 2471.4677734375,
        "min": -13.204079627990723
    },
    "rosetta_fa_intra_atr": {
        "mu": -1.1172967127054274,
        "sigma": 0.6490367768149005,
        "max": 0.0,
        "min": -5.594716548919678
    },
    "rosetta_omega": {
        "mu": 2.579188320368717,
        "sigma": 8.207843426034493,
        "max": 432.06634521484375,
        "min": -0.7086843252182007
    },
    "ref_distance_dimeric": {
        "mu": 18.416708987768683,
        "sigma": 4.7310441173930595,
        "max": 22.0,
        "min": 2.8689000606536865
    },
    "rosetta_dslf_fa13": {
        "mu": -0.0016051838653467344,
        "sigma": 0.08973436797553716,
        "max": 40.72773742675781,
        "min": -0.6684688925743103
    }
}